Workbook

Sheet Dashboard
A1: PR.2 ANALYZER — SALES DASHBOARD
A3: Total Sales | B3: =SUM(Data!E2:E201) -> 195217.76 | C3: Total Profit | D3: =SUM(Data!I2:I201) -> 68287.01 | E3: Total Quantity | F3: =SUM(Data!F2:F201) -> 1999 | G3: Total Orders | H3: =COUNTA(Data!A2:A201) -> 200
A6: Region | B6: Sales | D6: Month | E6: Sales | G6: Category | H6: Sales
A7: Central | B7: =SUMIF(Data!$C$2:$C$201,A7,Data!$E$2:$E$201) -> 43468.33 | D7: ='Monthly Summary'!A2 -> 45383 | E7: ='Monthly Summary'!B2 -> 19029.96 | G7: Books | H7: =SUMIF(Data!$D$2:$D$201,G7,Data!$E$2:$E$201) -> 47002.46
A8: East | B8: =SUMIF(Data!$C$2:$C$201,A8,Data!$E$2:$E$201) -> 32441.64 | D8: ='Monthly Summary'!A3 -> 45413 | E8: ='Monthly Summary'!B3 -> 18507.34 | G8: Clothing | H8: =SUMIF(Data!$D$2:$D$201,G8,Data!$E$2:$E$201) -> 41927.59
A9: North | B9: =SUMIF(Data!$C$2:$C$201,A9,Data!$E$2:$E$201) -> 34975.42 | D9: ='Monthly Summary'!A4 -> 45444 | E9: ='Monthly Summary'!B4 -> 20187.51 | G9: Electronics | H9: =SUMIF(Data!$D$2:$D$201,G9,Data!$E$2:$E$201) -> 41044
A10: South | B10: =SUMIF(Data!$C$2:$C$201,A10,Data!$E$2:$E$201) -> 40248.79 | D10: ='Monthly Summary'!A5 -> 45474 | E10: ='Monthly Summary'!B5 -> 11609.04 | G10: Furniture | H10: =SUMIF(Data!$D$2:$D$201,G10,Data!$E$2:$E$201) -> 36612.89
A11: West | B11: =SUMIF(Data!$C$2:$C$201,A11,Data!$E$2:$E$201) -> 44083.58 | D11: ='Monthly Summary'!A6 -> 45505 | E11: ='Monthly Summary'!B6 -> 10091.7 | G11: Office Supplies | H11: =SUMIF(Data!$D$2:$D$201,G11,Data!$E$2:$E$201) -> 28630.82
D12: ='Monthly Summary'!A7 -> 45536 | E12: ='Monthly Summary'!B7 -> 20533.5
D13: ='Monthly Summary'!A8 -> 45566 | E13: ='Monthly Summary'!B8 -> 14215.24
D14: ='Monthly Summary'!A9 -> 45597 | E14: ='Monthly Summary'!B9 -> 20135.03
D15: ='Monthly Summary'!A10 -> 45627 | E15: ='Monthly Summary'!B10 -> 11120.04
D16: ='Monthly Summary'!A11 -> 45658 | E16: ='Monthly Summary'!B11 -> 14914.65
D17: ='Monthly Summary'!A12 -> 45689 | E17: ='Monthly Summary'!B12 -> 14006.36
D18: ='Monthly Summary'!A13 -> 45717 | E18: ='Monthly Summary'!B13 -> 17655.22
D19: ='Monthly Summary'!A14 -> 45748 | E19: ='Monthly Summary'!B14 -> 3212.17

Sheet Data
A1: Customer_ID | B1: Customer_Name | C1: Region | D1: Product_Category | E1: Sales | F1: Quantity | G1: Discount | H1: Order_Date | I1: Profit | J1: Timestamp | K1: Month | L1: Profit at Scenario Discount
A2: CUST019 | B2: James Davis | C2: West | D2: Books | E2: 1036.09 | F2: 4 | G2: 0.2 | H2: 45392 | I2: 331.55 | J2: =NOW() -> 46304.581 | K2: =TEXT(H2,"mmm-yyyy") -> Apr-2024 | L2: =I2-E2*('What-If'!$B$2-G2) -> 435.159
A3: CUST012 | B3: Robert Anderson | C3: West | D3: Clothing | E3: 1101.28 | F3: 3 | G3: 0.2 | H3: 45393 | I3: 440.51 | J3: =NOW() -> 46304.581 | K3: =TEXT(H3,"mmm-yyyy") -> Apr-2024 | L3: =I3-E3*('What-If'!$B$2-G3) -> 550.638
A4: CUST017 | B4: James Taylor | C4: East | D4: Books | E4: 713.34 | F4: 17 | G4: 0 | H4: 45396 | I4: 285.34 | J4: =NOW() -> 46304.581 | K4: =TEXT(H4,"mmm-yyyy") -> Apr-2024 | L4: =I4-E4*('What-If'!$B$2-G4) -> 214.006
A5: CUST005 | B5: Robert Anderson | C5: South | D5: Electronics | E5: 760.93 | F5: 4 | G5: 0.15 | H5: 45396 | I5: 161.7 | J5: =NOW() -> 46304.581 | K5: =TEXT(H5,"mmm-yyyy") -> Apr-2024 | L5: =I5-E5*('What-If'!$B$2-G5) -> 199.7465
A6: CUST030 | B6: James Wilson | C6: North | D6: Books | E6: 847 | F6: 12 | G6: 0.2 | H6: 45397 | I6: 271.04 | J6: =NOW() -> 46304.581 | K6: =TEXT(H6,"mmm-yyyy") -> Apr-2024 | L6: =I6-E6*('What-If'!$B$2-G6) -> 355.74
A7: CUST007 | B7: Michael Anderson | C7: North | D7: Furniture | E7: 965.64 | F7: 8 | G7: 0.1 | H7: 45398 | I7: 304.18 | J7: =NOW() -> 46304.581 | K7: =TEXT(H7,"mmm-yyyy") -> Apr-2024 | L7: =I7-E7*('What-If'!$B$2-G7) -> 304.18
A8: CUST001 | B8: Linda Wilson | C8: West | D8: Electronics | E8: 1317.53 | F8: 12 | G8: 0.05 | H8: 45398 | I8: 312.91 | J8: =NOW() -> 46304.581 | K8: =TEXT(H8,"mmm-yyyy") -> Apr-2024 | L8: =I8-E8*('What-If'!$B$2-G8) -> 247.0335
A9: CUST026 | B9: Mary Davis | C9: East | D9: Furniture | E9: 1074.47 | F9: 6 | G9: 0.2 | H9: 45401 | I9: 300.85 | J9: =NOW() -> 46304.581 | K9: =TEXT(H9,"mmm-yyyy") -> Apr-2024 | L9: =I9-E9*('What-If'!$B$2-G9) -> 408.297
A10: CUST009 | B10: Linda Jackson | C10: Central | D10: Books | E10: 501.54 | F10: 11 | G10: 0.05 | H10: 45401 | I10: 190.59 | J10: =NOW() -> 46304.581 | K10: =TEXT(H10,"mmm-yyyy") -> Apr-2024 | L10: =I10-E10*('What-If'!$B$2-G10) -> 165.513
A11: CUST010 | B11: David Thomas | C11: Central | D11: Clothing | E11: 737.31 | F11: 2 | G11: 0.05 | H11: 45401 | I11: 350.22 | J11: =NOW() -> 46304.581 | K11: =TEXT(H11,"mmm-yyyy") -> Apr-2024 | L11: =I11-E11*('What-If'!$B$2-G11) -> 313.3545
A12: CUST014 | B12: Emma Davis | C12: West | D12: Office Supplies | E12: 1572.82 | F12: 6 | G12: 0.05 | H12: 45402 | I12: 672.38 | J12: =NOW() -> 46304.581 | K12: =TEXT(H12,"mmm-yyyy") -> Apr-2024 | L12: =I12-E12*('What-If'!$B$2-G12) -> 593.739
A13: CUST014 | B13: David Thomas | C13: Central | D13: Books | E13: 1343.13 | F13: 14 | G13: 0.15 | H13: 45404 | I13: 456.66 | J13: =NOW() -> 46304.581 | K13: =TEXT(H13,"mmm-yyyy") -> Apr-2024 | L13: =I13-E13*('What-If'!$B$2-G13) -> 523.8165
... A201: CUST016 | B201: David Thomas | C201: South | D201: Clothing | E201: 928.32 | F201: 2 | G201: 0.05 | H201: 45754 | I201: 440.95 | J201: =NOW() -> 46304.581 | K201: =TEXT(H201,"mmm-yyyy") -> Apr-2025 | L201: =I201-E201*('What-If'!$B$2-G201) -> 394.534

Sheet Customer Summary
A1: Customer_ID | B1: Customer_Name | C1: Total Purchase (Sales) | D1: Total Profit | E1: Order Count | F1: Value Rank
A2: CUST015 | B2: James Wilson | C2: 11611.06 | D2: 4201.59 | E2: 11 | F2: =RANK(C2,$C$2:$C$31,0) -> 1
A3: CUST028 | B3: James Wilson | C3: 10293.87 | D3: 3541.02 | E3: 12 | F3: =RANK(C3,$C$2:$C$31,0) -> 2
A4: CUST007 | B4: David Brown | C4: 9941.88 | D4: 3936.26 | E4: 10 | F4: =RANK(C4,$C$2:$C$31,0) -> 3
A5: CUST008 | B5: James Wilson | C5: 9760.8 | D5: 3442.48 | E5: 10 | F5: =RANK(C5,$C$2:$C$31,0) -> 4
A6: CUST026 | B6: Mary Davis | C6: 9371.81 | D6: 2922.02 | E6: 9 | F6: =RANK(C6,$C$2:$C$31,0) -> 5
A7: CUST021 | B7: James Wilson | C7: 8740.18 | D7: 2848.62 | E7: 8 | F7: =RANK(C7,$C$2:$C$31,0) -> 6
A8: CUST003 | B8: James Wilson | C8: 8490.18 | D8: 2652.75 | E8: 9 | F8: =RANK(C8,$C$2:$C$31,0) -> 7
A9: CUST012 | B9: David Anderson | C9: 8339 | D9: 2988.71 | E9: 9 | F9: =RANK(C9,$C$2:$C$31,0) -> 8
A10: CUST030 | B10: Mary Davis | C10: 7928.71 | D10: 2965.48 | E10: 9 | F10: =RANK(C10,$C$2:$C$31,0) -> 9
A11: CUST004 | B11: Mary Davis | C11: 7813.59 | D11: 3211.82 | E11: 7 | F11: =RANK(C11,$C$2:$C$31,0) -> 10
A12: CUST024 | B12: David Brown | C12: 7583.13 | D12: 2492.1 | E12: 7 | F12: =RANK(C12,$C$2:$C$31,0) -> 11
A13: CUST014 | B13: Emma Davis | C13: 6729.89 | D13: 2507.18 | E13: 6 | F13: =RANK(C13,$C$2:$C$31,0) -> 12
... A31: CUST006 | B31: David Anderson | C31: 2699.75 | D31: 837.06 | E31: 2 | F31: =RANK(C31,$C$2:$C$31,0) -> 30

Sheet What-If
A1: WHAT-IF ANALYSIS: Discount impact on total profit
A2: Scenario Discount | B2: 0.1
A3: Current Total Profit | B3: =SUM(Data!I2:I201) -> 68287.01
A4: Scenario Total Profit | B4: =SUM(Data!L2:L201) -> 68037.992
A5: Profit Change (Scenario - Current) | B5: =B4-B3 -> -249.0185
A6: Assumption | B6: Adjusted Profit = Profit - Sales × (Scenario Discount - Original Discount).

Sheet Descriptive Stats
A1: Metric | B1: Sales | C1: Profit | D1: Quantity | E1: Discount
A2: Count | B2: =COUNT(Data!E2:E201) -> 200 | C2: =COUNT(Data!I2:I201) -> 200 | D2: =COUNT(Data!F2:F201) -> 200 | E2: =COUNT(Data!G2:G201) -> 200
A3: Sum | B3: =SUM(Data!E2:E201) -> 195217.76 | C3: =SUM(Data!I2:I201) -> 68287.01 | D3: =SUM(Data!F2:F201) -> 1999 | E3: =SUM(Data!G2:G201) -> 19.45
A4: Average | B4: =AVERAGE(Data!E2:E201) -> 976.0888 | C4: =AVERAGE(Data!I2:I201) -> 341.43505 | D4: =AVERAGE(Data!F2:F201) -> 9.995 | E4: =AVERAGE(Data!G2:G201) -> 0.09725
A5: Median | B5: =MEDIAN(Data!E2:E201) -> 976.72 | C5: =MEDIAN(Data!I2:I201) -> 332.255 | D5: =MEDIAN(Data!F2:F201) -> 10 | E5: =MEDIAN(Data!G2:G201) -> 0.1
A6: Minimum | B6: =MIN(Data!E2:E201) -> 258.51 | C6: =MIN(Data!I2:I201) -> 64.63 | D6: =MIN(Data!F2:F201) -> 1 | E6: =MIN(Data!G2:G201) -> 0
A7: Maximum | B7: =MAX(Data!E2:E201) -> 1923.66 | C7: =MAX(Data!I2:I201) -> 769.46 | D7: =MAX(Data!F2:F201) -> 19 | E7: =MAX(Data!G2:G201) -> 0.2
A8: Standard Deviation | B8: =_xlfn.STDEV.S(Data!E2:E201) -> 299.27376 | C8: =_xlfn.STDEV.S(Data!I2:I201) -> 135.76619 | D8: =_xlfn.STDEV.S(Data!F2:F201) -> 5.646627 | E8: =_xlfn.STDEV.S(Data!G2:G201) -> 0.072326295

Sheet Monthly Summary
A1: Month | B1: Total Sales | C1: Total Profit | D1: Sales Growth | E1: Profit Growth
A2: 45383 | B2: =SUMIFS(Data!$E$2:$E$201,Data!$K$2:$K$201,TEXT(A2,"mmm-yyyy")) -> 19029.96 | C2: =SUMIFS(Data!$I$2:$I$201,Data!$K$2:$K$201,TEXT(A2,"mmm-yyyy")) -> 6244.01 | D2: N/A | E2: N/A
A3: 45413 | B3: =SUMIFS(Data!$E$2:$E$201,Data!$K$2:$K$201,TEXT(A3,"mmm-yyyy")) -> 18507.34 | C3: =SUMIFS(Data!$I$2:$I$201,Data!$K$2:$K$201,TEXT(A3,"mmm-yyyy")) -> 6121.35 | D3: =IFERROR(B3/B2-1,0) -> -0.027463011 | E3: =IFERROR(C3/C2-1,0) -> -0.019644427
A4: 45444 | B4: =SUMIFS(Data!$E$2:$E$201,Data!$K$2:$K$201,TEXT(A4,"mmm-yyyy")) -> 20187.51 | C4: =SUMIFS(Data!$I$2:$I$201,Data!$K$2:$K$201,TEXT(A4,"mmm-yyyy")) -> 6918 | D4: =IFERROR(B4/B3-1,0) -> 0.090783981 | E4: =IFERROR(C4/C3-1,0) -> 0.13014286
A5: 45474 | B5: =SUMIFS(Data!$E$2:$E$201,Data!$K$2:$K$201,TEXT(A5,"mmm-yyyy")) -> 11609.04 | C5: =SUMIFS(Data!$I$2:$I$201,Data!$K$2:$K$201,TEXT(A5,"mmm-yyyy")) -> 3743.85 | D5: =IFERROR(B5/B4-1,0) -> -0.42493948 | E5: =IFERROR(C5/C4-1,0) -> -0.4588248
A6: 45505 | B6: =SUMIFS(Data!$E$2:$E$201,Data!$K$2:$K$201,TEXT(A6,"mmm-yyyy")) -> 10091.7 | C6: =SUMIFS(Data!$I$2:$I$201,Data!$K$2:$K$201,TEXT(A6,"mmm-yyyy")) -> 3302.84 | D6: =IFERROR(B6/B5-1,0) -> -0.13070331 | E6: =IFERROR(C6/C5-1,0) -> -0.11779585
A7: 45536 | B7: =SUMIFS(Data!$E$2:$E$201,Data!$K$2:$K$201,TEXT(A7,"mmm-yyyy")) -> 20533.5 | C7: =SUMIFS(Data!$I$2:$I$201,Data!$K$2:$K$201,TEXT(A7,"mmm-yyyy")) -> 7457.52 | D7: =IFERROR(B7/B6-1,0) -> 1.0346919 | E7: =IFERROR(C7/C6-1,0) -> 1.2579114
A8: 45566 | B8: =SUMIFS(Data!$E$2:$E$201,Data!$K$2:$K$201,TEXT(A8,"mmm-yyyy")) -> 14215.24 | C8: =SUMIFS(Data!$I$2:$I$201,Data!$K$2:$K$201,TEXT(A8,"mmm-yyyy")) -> 4861.7 | D8: =IFERROR(B8/B7-1,0) -> -0.30770497 | E8: =IFERROR(C8/C7-1,0) -> -0.34808086
A9: 45597 | B9: =SUMIFS(Data!$E$2:$E$201,Data!$K$2:$K$201,TEXT(A9,"mmm-yyyy")) -> 20135.03 | C9: =SUMIFS(Data!$I$2:$I$201,Data!$K$2:$K$201,TEXT(A9,"mmm-yyyy")) -> 6814.88 | D9: =IFERROR(B9/B8-1,0) -> 0.41643968 | E9: =IFERROR(C9/C8-1,0) -> 0.40174836
A10: 45627 | B10: =SUMIFS(Data!$E$2:$E$201,Data!$K$2:$K$201,TEXT(A10,"mmm-yyyy")) -> 11120.04 | C10: =SUMIFS(Data!$I$2:$I$201,Data!$K$2:$K$201,TEXT(A10,"mmm-yyyy")) -> 3549.99 | D10: =IFERROR(B10/B9-1,0) -> -0.44772667 | E10: =IFERROR(C10/C9-1,0) -> -0.47908254
A11: 45658 | B11: =SUMIFS(Data!$E$2:$E$201,Data!$K$2:$K$201,TEXT(A11,"mmm-yyyy")) -> 14914.65 | C11: =SUMIFS(Data!$I$2:$I$201,Data!$K$2:$K$201,TEXT(A11,"mmm-yyyy")) -> 5763.4 | D11: =IFERROR(B11/B10-1,0) -> 0.34124068 | E11: =IFERROR(C11/C10-1,0) -> 0.62349753
A12: 45689 | B12: =SUMIFS(Data!$E$2:$E$201,Data!$K$2:$K$201,TEXT(A12,"mmm-yyyy")) -> 14006.36 | C12: =SUMIFS(Data!$I$2:$I$201,Data!$K$2:$K$201,TEXT(A12,"mmm-yyyy")) -> 5039.23 | D12: =IFERROR(B12/B11-1,0) -> -0.060899183 | E12: =IFERROR(C12/C11-1,0) -> -0.12564979
A13: 45717 | B13: =SUMIFS(Data!$E$2:$E$201,Data!$K$2:$K$201,TEXT(A13,"mmm-yyyy")) -> 17655.22 | C13: =SUMIFS(Data!$I$2:$I$201,Data!$K$2:$K$201,TEXT(A13,"mmm-yyyy")) -> 7071.39 | D13: =IFERROR(B13/B12-1,0) -> 0.26051451 | E13: =IFERROR(C13/C12-1,0) -> 0.40326796
A14: 45748 | B14: =SUMIFS(Data!$E$2:$E$201,Data!$K$2:$K$201,TEXT(A14,"mmm-yyyy")) -> 3212.17 | C14: =SUMIFS(Data!$I$2:$I$201,Data!$K$2:$K$201,TEXT(A14,"mmm-yyyy")) -> 1398.85 | D14: =IFERROR(B14/B13-1,0) -> -0.81806117 | E14: =IFERROR(C14/C13-1,0) -> -0.80218175

Sheet Region Product Pivot
A1: Region | B1: Books | C1: Clothing | D1: Electronics | E1: Furniture | F1: Office Supplies | G1: Grand Total
A2: Central | B2: =SUMIFS(Data!$E$2:$E$201,Data!$C$2:$C$201,$A2,Data!$D$2:$D$201,B$1) -> 11297.15 | C2: =SUMIFS(Data!$E$2:$E$201,Data!$C$2:$C$201,$A2,Data!$D$2:$D$201,C$1) -> 12200.26 | D2: =SUMIFS(Data!$E$2:$E$201,Data!$C$2:$C$201,$A2,Data!$D$2:$D$201,D$1) -> 6621.24 | E2: =SUMIFS(Data!$E$2:$E$201,Data!$C$2:$C$201,$A2,Data!$D$2:$D$201,E$1) -> 4876.96 | F2: =SUMIFS(Data!$E$2:$E$201,Data!$C$2:$C$201,$A2,Data!$D$2:$D$201,F$1) -> 8472.72 | G2: =SUM(B2:F2) -> 43468.33
A3: East | B3: =SUMIFS(Data!$E$2:$E$201,Data!$C$2:$C$201,$A3,Data!$D$2:$D$201,B$1) -> 11389.09 | C3: =SUMIFS(Data!$E$2:$E$201,Data!$C$2:$C$201,$A3,Data!$D$2:$D$201,C$1) -> 2401.45 | D3: =SUMIFS(Data!$E$2:$E$201,Data!$C$2:$C$201,$A3,Data!$D$2:$D$201,D$1) -> 2869.54 | E3: =SUMIFS(Data!$E$2:$E$201,Data!$C$2:$C$201,$A3,Data!$D$2:$D$201,E$1) -> 7592.34 | F3: =SUMIFS(Data!$E$2:$E$201,Data!$C$2:$C$201,$A3,Data!$D$2:$D$201,F$1) -> 8189.22 | G3: =SUM(B3:F3) -> 32441.64
A4: North | B4: =SUMIFS(Data!$E$2:$E$201,Data!$C$2:$C$201,$A4,Data!$D$2:$D$201,B$1) -> 8037.01 | C4: =SUMIFS(Data!$E$2:$E$201,Data!$C$2:$C$201,$A4,Data!$D$2:$D$201,C$1) -> 8422.82 | D4: =SUMIFS(Data!$E$2:$E$201,Data!$C$2:$C$201,$A4,Data!$D$2:$D$201,D$1) -> 8191.71 | E4: =SUMIFS(Data!$E$2:$E$201,Data!$C$2:$C$201,$A4,Data!$D$2:$D$201,E$1) -> 6978.08 | F4: =SUMIFS(Data!$E$2:$E$201,Data!$C$2:$C$201,$A4,Data!$D$2:$D$201,F$1) -> 3345.8 | G4: =SUM(B4:F4) -> 34975.42
A5: South | B5: =SUMIFS(Data!$E$2:$E$201,Data!$C$2:$C$201,$A5,Data!$D$2:$D$201,B$1) -> 9588.04 | C5: =SUMIFS(Data!$E$2:$E$201,Data!$C$2:$C$201,$A5,Data!$D$2:$D$201,C$1) -> 8393.63 | D5: =SUMIFS(Data!$E$2:$E$201,Data!$C$2:$C$201,$A5,Data!$D$2:$D$201,D$1) -> 11989.07 | E5: =SUMIFS(Data!$E$2:$E$201,Data!$C$2:$C$201,$A5,Data!$D$2:$D$201,E$1) -> 7982.73 | F5: =SUMIFS(Data!$E$2:$E$201,Data!$C$2:$C$201,$A5,Data!$D$2:$D$201,F$1) -> 2295.32 | G5: =SUM(B5:F5) -> 40248.79
A6: West | B6: =SUMIFS(Data!$E$2:$E$201,Data!$C$2:$C$201,$A6,Data!$D$2:$D$201,B$1) -> 6691.17 | C6: =SUMIFS(Data!$E$2:$E$201,Data!$C$2:$C$201,$A6,Data!$D$2:$D$201,C$1) -> 10509.43 | D6: =SUMIFS(Data!$E$2:$E$201,Data!$C$2:$C$201,$A6,Data!$D$2:$D$201,D$1) -> 11372.44 | E6: =SUMIFS(Data!$E$2:$E$201,Data!$C$2:$C$201,$A6,Data!$D$2:$D$201,E$1) -> 9182.78 | F6: =SUMIFS(Data!$E$2:$E$201,Data!$C$2:$C$201,$A6,Data!$D$2:$D$201,F$1) -> 6327.76 | G6: =SUM(B6:F6) -> 44083.58
A7: Grand Total | B7: =SUM(B2:B6) -> 47002.46 | C7: =SUM(C2:C6) -> 41927.59 | D7: =SUM(D2:D6) -> 41044 | E7: =SUM(E2:E6) -> 36612.89 | F7: =SUM(F2:F6) -> 28630.82 | G7: =SUM(G2:G6) -> 195217.76

Sheet Regression
A1: Linear Regression: Profit (Y) vs Sales (X) | B1: Value
A2: Slope | B2: =SLOPE(Data!I2:I201,Data!E2:E201) -> 0.35085599
A3: Intercept | B3: =INTERCEPT(Data!I2:I201,Data!E2:E201) -> -1.0315505
A4: R-squared | B4: =RSQ(Data!I2:I201,Data!E2:E201) -> 0.5981523
A5: Correlation | B5: =CORREL(Data!I2:I201,Data!E2:E201) -> 0.77340306
A6: Predicted Profit (use Sales in B7)
A7: Enter Sales value | B7: 1000
A8: Predicted Profit | B8: =B3+B2*B7 -> 349.82444
A9: Regression equation | B9: Profit = Intercept + Slope × Sales
